Date,Rate
12/12/1958,3.07
12/19/1958,3.04
12/26/1958,2.97
1/2/1959,2.92
1/9/1959,2.98
1/16/1959,3.05
1/23/1959,3.23
1/30/1959,3.14
2/6/1959,3.12
2/13/1959,3.20
2/20/1959,3.07
2/27/1959,3.13
3/6/1959,3.14
3/13/1959,3.15
3/20/1959,3.09
3/27/1959,3.11
4/3/1959,3.20
4/10/1959,3.25
4/17/1959,3.36
4/24/1959,3.33
5/1/1959,3.17
5/8/1959,3.29
5/15/1959,3.35
5/22/1959,3.32
5/29/1959,3.36
6/5/1959,3.47
6/12/1959,3.51
6/19/1959,3.47
6/26/1959,3.59
7/3/1959,3.68
7/10/1959,3.89
7/17/1959,3.90
7/24/1959,3.81
7/31/1959,3.76
8/7/1959,3.68
8/14/1959,3.66
8/21/1959,3.84
8/28/1959,4.18
9/4/1959,4.48
9/11/1959,4.55
9/18/1959,4.82
9/25/1959,4.77
10/2/1959,4.80
10/9/1959,4.59
10/16/1959,4.65
10/23/1959,4.45
10/30/1959,4.37
11/6/1959,4.42
11/13/1959,4.50
11/20/1959,4.57
11/27/1959,4.62
12/4/1959,4.86
12/11/1959,4.81
12/18/1959,4.77
12/25/1959,4.90
1/1/1960,4.91
1/8/1960,5.07
1/15/1960,4.81
1/22/1960,4.60
1/29/1960,4.49
2/5/1960,4.42
2/12/1960,4.08
2/19/1960,4.30
2/26/1960,4.34
3/4/1960,4.27
3/11/1960,3.87
3/18/1960,3.57
3/25/1960,3.17
4/1/1960,3.21
4/8/1960,3.18
4/15/1960,3.86
4/22/1960,3.73
4/29/1960,3.58
5/6/1960,3.41
5/13/1960,3.55
5/20/1960,3.77
5/27/1960,3.64
6/3/1960,3.18
6/10/1960,2.80
6/17/1960,2.52
6/24/1960,2.76
7/1/1960,2.64
7/8/1960,2.85
7/15/1960,2.87
7/22/1960,2.62
7/29/1960,2.56
8/5/1960,2.39
8/12/1960,2.48
8/19/1960,2.66
8/26/1960,2.70
9/2/1960,2.82
9/9/1960,2.83
9/16/1960,2.87
9/23/1960,2.80
9/30/1960,2.82
10/7/1960,2.88
10/14/1960,2.88
10/21/1960,2.71
10/28/1960,2.53
11/4/1960,2.50
11/11/1960,2.59
11/18/1960,2.75
11/25/1960,2.71
12/2/1960,2.70
12/9/1960,2.62
12/16/1960,2.50
12/23/1960,2.42
12/30/1960,2.38
1/6/1961,2.49
1/13/1961,2.51
1/20/1961,2.46
1/27/1961,2.42
2/3/1961,2.49
2/10/1961,2.55
2/17/1961,2.59
2/24/1961,2.68
3/3/1961,2.75
3/10/1961,2.56
3/17/1961,2.47
3/24/1961,2.45
3/31/1961,2.54
4/7/1961,2.58
4/14/1961,2.52
4/21/1961,2.41
4/28/1961,2.35
5/5/1961,2.38
5/12/1961,2.40
5/19/1961,2.43
5/26/1961,2.53
6/2/1961,2.60
6/9/1961,2.64
6/16/1961,2.50
6/23/1961,2.50
6/30/1961,2.45
7/7/1961,2.49
7/14/1961,2.46
7/21/1961,2.39
7/28/1961,2.46
8/4/1961,2.51
8/11/1961,2.64
8/18/1961,2.78
8/25/1961,2.71
9/1/1961,2.65
9/8/1961,2.67
9/15/1961,2.68
9/22/1961,2.69
9/29/1961,2.69
10/6/1961,2.64
10/13/1961,2.67
10/20/1961,2.68
10/27/1961,2.67
11/3/1961,2.58
11/10/1961,2.61
11/17/1961,2.74
11/24/1961,2.73
12/1/1961,2.78
12/8/1961,2.88
12/15/1961,2.89
12/22/1961,2.86
12/29/1961,2.90
1/5/1962,2.97
1/12/1962,3.02
1/19/1962,2.90
1/26/1962,2.89
2/2/1962,2.92
2/9/1962,2.92
2/16/1962,3.00
2/23/1962,2.93
3/2/1962,2.87
3/9/1962,2.88
3/16/1962,2.91
3/23/1962,2.84
3/30/1962,2.86
4/6/1962,2.82
4/13/1962,2.84
4/20/1962,2.82
4/27/1962,2.83
5/4/1962,2.83
5/11/1962,2.77
5/18/1962,2.77
5/25/1962,2.77
6/1/1962,2.76
6/8/1962,2.74
6/15/1962,2.76
6/22/1962,2.80
6/29/1962,2.90
7/6/1962,3.00
7/13/1962,3.09
7/20/1962,3.13
7/27/1962,3.09
8/3/1962,3.03
8/10/1962,3.03
8/17/1962,3.00
8/24/1962,2.96
8/31/1962,2.93
9/7/1962,2.95
9/14/1962,2.93
9/21/1962,2.93
9/28/1962,2.90
10/5/1962,2.89
10/12/1962,2.86
10/19/1962,2.84
10/26/1962,2.83
11/2/1962,2.82
11/9/1962,2.87
11/16/1962,2.86
11/23/1962,2.90
11/30/1962,2.94
12/7/1962,2.91
12/14/1962,2.88
12/21/1962,2.90
12/28/1962,2.93
1/4/1963,2.94
1/11/1963,2.95
1/18/1963,2.95
1/25/1963,2.99
2/1/1963,2.99
2/8/1963,3.00
2/15/1963,2.99
2/22/1963,2.96
3/1/1963,2.94
3/8/1963,2.93
3/15/1963,2.94
3/22/1963,2.96
3/29/1963,2.98
4/5/1963,2.98
4/12/1963,2.98
4/19/1963,3.00
4/26/1963,2.98
5/3/1963,2.99
5/10/1963,2.99
5/17/1963,2.99
5/24/1963,3.02
5/31/1963,3.06
6/7/1963,3.08
6/14/1963,3.07
6/21/1963,3.08
6/28/1963,3.07
7/5/1963,3.12
7/12/1963,3.34
7/19/1963,3.36
7/26/1963,3.36
8/2/1963,3.38
8/9/1963,3.39
8/16/1963,3.43
8/23/1963,3.47
8/30/1963,3.49
9/6/1963,3.47
9/13/1963,3.48
9/20/1963,3.51
9/27/1963,3.51
10/4/1963,3.53
10/11/1963,3.56
10/18/1963,3.59
10/25/1963,3.60
11/1/1963,3.59
11/8/1963,3.65
11/15/1963,3.68
11/22/1963,3.65
11/29/1963,3.63
12/6/1963,3.68
12/13/1963,3.66
12/20/1963,3.67
12/27/1963,3.65
1/3/1964,3.65
1/10/1964,3.66
1/17/1964,3.65
1/24/1964,3.63
1/31/1964,3.61
2/7/1964,3.63
2/14/1964,3.66
2/21/1964,3.68
2/28/1964,3.72
3/6/1964,3.74
3/13/1964,3.72
3/20/1964,3.72
3/27/1964,3.73
4/3/1964,3.70
4/10/1964,3.69
4/17/1964,3.67
4/24/1964,3.64
5/1/1964,3.60
5/8/1964,3.63
5/15/1964,3.59
5/22/1964,3.60
5/29/1964,3.59
6/5/1964,3.57
6/12/1964,3.57
6/19/1964,3.58
6/26/1964,3.53
7/3/1964,3.51
7/10/1964,3.53
7/17/1964,3.55
7/24/1964,3.61
7/31/1964,3.57
8/7/1964,3.58
8/14/1964,3.62
8/21/1964,3.63
8/28/1964,3.62
9/4/1964,3.64
9/11/1964,3.67
9/18/1964,3.69
9/25/1964,3.70
10/2/1964,3.71
10/9/1964,3.73
10/16/1964,3.72
10/23/1964,3.74
10/30/1964,3.71
11/6/1964,3.73
11/13/1964,3.74
11/20/1964,3.78
11/27/1964,3.96
12/4/1964,3.97
12/11/1964,3.94
12/18/1964,3.95
12/25/1964,3.95
1/1/1965,3.93
1/8/1965,3.92
1/15/1965,3.94
1/22/1965,3.94
1/29/1965,3.94
2/5/1965,3.97
2/12/1965,3.99
2/19/1965,4.02
2/26/1965,4.04
3/5/1965,4.02
3/12/1965,4.01
3/19/1965,3.99
3/26/1965,3.98
4/2/1965,3.99
4/9/1965,3.98
4/16/1965,4.00
4/23/1965,4.00
4/30/1965,3.98
5/7/1965,3.95
5/14/1965,3.96
5/21/1965,3.95
5/28/1965,3.94
6/4/1965,3.92
6/11/1965,3.88
6/18/1965,3.86
6/25/1965,3.82
7/2/1965,3.85
7/9/1965,3.90
7/16/1965,3.93
7/23/1965,3.89
7/30/1965,3.88
8/6/1965,3.94
8/13/1965,3.93
8/20/1965,3.93
8/27/1965,3.96
9/3/1965,4.00
9/10/1965,4.04
9/17/1965,4.04
9/24/1965,4.11
10/1/1965,4.17
10/8/1965,4.17
10/15/1965,4.18
10/22/1965,4.20
10/29/1965,4.19
11/5/1965,4.22
11/12/1965,4.24
11/19/1965,4.25
11/26/1965,4.26
12/3/1965,4.26
12/10/1965,4.47
12/17/1965,4.58
12/24/1965,4.67
12/31/1965,4.67
1/7/1966,4.71
1/14/1966,4.73
1/21/1966,4.73
1/28/1966,4.67
2/4/1966,4.76
2/11/1966,4.78
2/18/1966,4.87
2/25/1966,4.87
3/4/1966,4.81
3/11/1966,4.83
3/18/1966,4.83
3/25/1966,4.71
4/1/1966,4.73
4/8/1966,4.69
4/15/1966,4.78
4/22/1966,4.74
4/29/1966,4.74
5/6/1966,4.80
5/13/1966,4.79
5/20/1966,4.83
5/27/1966,4.83
6/3/1966,4.75
6/10/1966,4.73
6/17/1966,4.63
6/24/1966,4.53
7/1/1966,4.68
7/8/1966,4.85
7/15/1966,5.00
7/22/1966,5.00
7/29/1966,4.89
8/5/1966,4.99
8/12/1966,5.13
8/19/1966,5.37
8/26/1966,5.41
9/2/1966,5.58
9/9/1966,5.71
9/16/1966,5.91
9/23/1966,5.93
9/30/1966,5.69
10/7/1966,5.66
10/14/1966,5.71
10/21/1966,5.61
10/28/1966,5.53
11/4/1966,5.57
11/11/1966,5.68
11/18/1966,5.63
11/25/1966,5.49
12/2/1966,5.26
12/9/1966,5.26
12/16/1966,5.05
12/23/1966,4.93
12/30/1966,4.92
1/6/1967,4.90
1/13/1967,4.84
1/20/1967,4.70
1/27/1967,4.65
2/3/1967,4.49
2/10/1967,4.54
2/17/1967,4.66
2/24/1967,4.69
3/3/1967,4.47
3/10/1967,4.37
3/17/1967,4.21
3/24/1967,4.07
3/31/1967,4.09
4/7/1967,4.00
4/14/1967,3.89
4/21/1967,3.88
4/28/1967,3.81
5/5/1967,3.86
5/12/1967,3.83
5/19/1967,3.79
5/26/1967,3.74
6/2/1967,3.74
6/9/1967,3.77
6/16/1967,3.86
6/23/1967,3.82
6/30/1967,4.17
7/7/1967,4.62
7/14/1967,4.68
7/21/1967,4.77
7/28/1967,4.83
8/4/1967,4.68
8/11/1967,4.79
8/18/1967,4.80
8/25/1967,4.95
9/1/1967,4.87
9/8/1967,4.83
9/15/1967,4.93
9/22/1967,5.05
9/29/1967,5.05
10/6/1967,5.04
10/13/1967,5.04
10/20/1967,5.12
10/27/1967,5.08
11/3/1967,5.07
11/10/1967,5.13
11/17/1967,5.13
11/24/1967,5.44
12/1/1967,5.49
12/8/1967,5.50
12/15/1967,5.50
12/22/1967,5.46
12/29/1967,5.49
1/5/1968,5.40
1/12/1968,5.31
1/19/1968,5.25
1/26/1968,5.16
2/2/1968,5.00
2/9/1968,5.23
2/16/1968,5.15
2/23/1968,5.16
3/1/1968,5.21
3/8/1968,5.23
3/15/1968,5.44
3/22/1968,5.36
3/29/1968,5.32
4/5/1968,5.29
4/12/1968,5.44
4/19/1968,5.51
4/26/1968,5.63
5/3/1968,5.66
5/10/1968,5.72
5/17/1968,5.86
5/24/1968,6.00
5/31/1968,5.86
6/7/1968,5.72
6/14/1968,5.75
6/21/1968,5.58
6/28/1968,5.51
7/5/1968,5.43
7/12/1968,5.44
7/19/1968,5.47
7/26/1968,5.35
8/2/1968,5.25
8/9/1968,5.17
8/16/1968,5.29
8/23/1968,5.24
8/30/1968,5.26
9/6/1968,5.21
9/13/1968,5.32
9/20/1968,5.24
9/27/1968,5.24
10/4/1968,5.31
10/11/1968,5.38
10/18/1968,5.43
10/25/1968,5.43
11/1/1968,5.50
11/8/1968,5.59
11/15/1968,5.61
11/22/1968,5.61
11/29/1968,5.58
12/6/1968,5.77
12/13/1968,5.93
12/20/1968,6.11
12/27/1968,6.36
1/3/1969,6.33
1/10/1969,6.36
1/17/1969,6.26
1/24/1969,6.25
1/31/1969,6.26
2/7/1969,6.34
2/14/1969,6.29
2/21/1969,6.27
2/28/1969,6.30
3/7/1969,6.27
3/14/1969,6.17
3/21/1969,6.16
3/28/1969,6.06
4/4/1969,6.09
4/11/1969,6.16
4/18/1969,6.20
4/25/1969,6.13
5/2/1969,6.02
5/9/1969,6.07
5/16/1969,6.19
5/23/1969,6.13
5/30/1969,6.29
6/6/1969,6.59
6/13/1969,6.90
6/20/1969,6.69
6/27/1969,6.84
7/4/1969,7.01
7/11/1969,7.21
7/18/1969,7.35
7/25/1969,7.31
8/1/1969,7.20
8/8/1969,7.11
8/15/1969,7.26
8/22/1969,7.15
8/29/1969,7.27
9/5/1969,7.25
9/12/1969,7.36
9/19/1969,7.34
9/26/1969,7.31
10/3/1969,7.32
10/10/1969,7.34
10/17/1969,7.30
10/24/1969,7.23
10/31/1969,7.26
11/7/1969,7.38
11/14/1969,7.45
11/21/1969,7.73
11/28/1969,7.89
12/5/1969,7.83
12/12/1969,7.92
12/19/1969,7.89
12/26/1969,7.84
1/2/1970,8.03
1/9/1970,7.92
1/16/1970,7.64
1/23/1970,7.70
1/30/1970,7.80
2/6/1970,7.60
2/13/1970,7.28
2/20/1970,7.00
2/27/1970,6.95
3/6/1970,6.80
3/13/1970,6.66
3/20/1970,6.59
3/27/1970,6.26
4/3/1970,6.42
4/10/1970,6.40
4/17/1970,6.35
4/24/1970,6.74
5/1/1970,7.16
5/8/1970,6.93
5/15/1970,7.01
5/22/1970,6.95
5/29/1970,7.15
6/5/1970,6.86
6/12/1970,6.93
6/19/1970,6.96
6/26/1970,6.80
7/3/1970,6.50
7/10/1970,6.69
7/17/1970,6.52
7/24/1970,6.41
7/31/1970,6.46
8/7/1970,6.60
8/14/1970,6.65
8/21/1970,6.52
8/28/1970,6.45
9/4/1970,6.58
9/11/1970,6.57
9/18/1970,6.48
9/25/1970,6.28
10/2/1970,6.42
10/9/1970,6.35
10/16/1970,6.16
10/23/1970,6.15
10/30/1970,6.07
11/6/1970,5.81
11/13/1970,5.68
11/20/1970,5.31
11/27/1970,5.02
12/4/1970,4.96
12/11/1970,4.94
12/18/1970,4.80
12/25/1970,4.87
1/1/1971,4.89
1/8/1971,4.88
1/15/1971,4.54
1/22/1971,4.22
1/29/1971,4.24
2/5/1971,4.10
2/12/1971,3.75
2/19/1971,3.65
2/26/1971,3.58
3/5/1971,3.44
3/12/1971,3.39
3/19/1971,3.51
3/26/1971,3.54
4/2/1971,3.72
4/9/1971,3.86
4/16/1971,4.09
4/23/1971,4.02
4/30/1971,4.22
5/7/1971,4.20
5/14/1971,4.24
5/21/1971,4.51
5/28/1971,4.48
6/4/1971,4.52
6/11/1971,4.80
6/18/1971,5.17
6/25/1971,5.07
7/2/1971,5.38
7/9/1971,5.55
7/16/1971,5.52
7/23/1971,5.73
7/30/1971,5.78
8/6/1971,5.67
8/13/1971,5.67
8/20/1971,4.86
8/27/1971,4.88
9/3/1971,4.80
9/10/1971,4.92
9/17/1971,5.03
9/24/1971,5.04
10/1/1971,4.95
10/8/1971,4.72
10/15/1971,4.57
10/22/1971,4.56
10/29/1971,4.46
11/5/1971,4.34
11/12/1971,4.37
11/19/1971,4.30
11/26/1971,4.50
12/3/1971,4.42
12/10/1971,4.29
12/17/1971,4.27
12/24/1971,4.26
12/31/1971,4.03
1/7/1972,3.92
1/14/1972,3.44
1/21/1972,3.58
1/28/1972,3.71
2/4/1972,3.78
2/11/1972,3.56
2/18/1972,3.51
2/25/1972,3.64
3/3/1972,3.78
3/10/1972,3.86
3/17/1972,4.27
3/24/1972,4.27
3/31/1972,4.36
4/7/1972,4.39
4/14/1972,4.31
4/21/1972,4.19
4/28/1972,4.01
5/5/1972,4.03
5/12/1972,4.03
5/19/1972,4.23
5/26/1972,4.18
6/2/1972,4.20
6/9/1972,4.25
6/16/1972,4.29
6/23/1972,4.40
6/30/1972,4.51
7/7/1972,4.56
7/14/1972,4.55
7/21/1972,4.47
7/28/1972,4.46
8/4/1972,4.30
8/11/1972,4.38
8/18/1972,4.46
8/25/1972,4.70
9/1/1972,4.92
9/8/1972,5.06
9/15/1972,5.11
9/22/1972,5.14
9/29/1972,5.22
10/6/1972,5.16
10/13/1972,5.16
10/20/1972,5.12
10/27/1972,5.10
11/3/1972,5.08
11/10/1972,5.04
11/17/1972,5.07
11/24/1972,5.10
12/1/1972,5.18
12/8/1972,5.25
12/15/1972,5.27
12/22/1972,5.36
12/29/1972,5.34
1/5/1973,5.42
1/12/1973,5.47
1/19/1973,5.63
1/26/1973,5.81
2/2/1973,5.88
2/9/1973,5.76
2/16/1973,5.64
2/23/1973,5.84
3/2/1973,6.11
3/9/1973,6.29
3/16/1973,6.56
3/23/1973,6.70
3/30/1973,6.67
4/6/1973,6.68
4/13/1973,6.40
4/20/1973,6.43
4/27/1973,6.56
5/4/1973,6.56
5/11/1973,6.42
5/18/1973,6.48
5/25/1973,6.79
6/1/1973,6.99
6/8/1973,7.09
6/15/1973,7.16
6/22/1973,7.27
6/29/1973,7.43
7/6/1973,7.95
7/13/1973,7.86
7/20/1973,8.17
7/27/1973,8.35
8/3/1973,8.43
8/10/1973,8.79
8/17/1973,8.78
8/24/1973,8.57
8/31/1973,8.58
9/7/1973,8.75
9/14/1973,8.97
9/21/1973,8.52
9/28/1973,7.63
10/5/1973,7.59
10/12/1973,7.32
10/19/1973,7.24
10/26/1973,7.09
11/2/1973,7.43
11/9/1973,8.06
11/16/1973,8.30
11/23/1973,7.85
11/30/1973,7.77
12/7/1973,7.94
12/14/1973,7.52
12/21/1973,7.32
12/28/1973,7.46
1/4/1974,7.48
1/11/1974,7.66
1/18/1974,7.79
1/25/1974,7.81
2/1/1974,7.31
2/8/1974,6.91
2/15/1974,6.86
2/22/1974,6.87
3/1/1974,7.27
3/8/1974,7.53
3/15/1974,7.59
3/22/1974,8.02
3/29/1974,8.24
4/5/1974,8.31
4/12/1974,8.34
4/19/1974,8.18
4/26/1974,8.27
5/3/1974,8.73
5/10/1974,8.71
5/17/1974,8.12
5/24/1974,8.28
5/31/1974,8.26
6/7/1974,8.16
6/14/1974,8.32
6/21/1974,8.04
6/28/1974,7.96
7/5/1974,8.15
7/12/1974,8.05
7/19/1974,7.83
7/26/1974,7.64
8/2/1974,8.38
8/9/1974,8.82
8/16/1974,8.78
8/23/1974,9.41
8/30/1974,9.61
9/6/1974,9.39
9/13/1974,8.92
9/20/1974,8.30
9/27/1974,7.91
10/4/1974,7.66
10/11/1974,7.70
10/18/1974,7.79
10/25/1974,7.62
11/1/1974,7.86
11/8/1974,7.65
11/15/1974,7.39
11/22/1974,7.42
11/29/1974,7.57
12/6/1974,7.34
12/13/1974,7.04
12/20/1974,6.99
12/27/1974,7.11
1/3/1975,6.99
1/10/1975,6.64
1/17/1975,6.54
1/24/1975,6.14
1/31/1975,5.92
2/7/1975,5.65
2/14/1975,5.70
2/21/1975,5.43
2/28/1975,5.66
3/7/1975,5.68
3/14/1975,5.56
3/21/1975,5.54
3/28/1975,5.69
4/4/1975,5.90
4/11/1975,6.09
4/18/1975,5.86
4/25/1975,6.09
5/2/1975,5.95
5/9/1975,5.77
5/16/1975,5.51
5/23/1975,5.45
5/30/1975,5.50
6/6/1975,5.48
6/13/1975,5.25
6/20/1975,5.55
6/27/1975,6.07
7/4/1975,6.28
7/11/1975,6.39
7/18/1975,6.41
7/25/1975,6.65
8/1/1975,6.69
8/8/1975,6.88
8/15/1975,6.93
8/22/1975,7.00
8/29/1975,6.98
9/5/1975,6.89
9/12/1975,6.88
9/19/1975,6.97
9/26/1975,6.90
10/3/1975,6.91
10/10/1975,6.53
10/17/1975,6.25
10/24/1975,6.06
10/31/1975,5.82
11/7/1975,5.71
11/14/1975,5.65
11/21/1975,5.85
11/28/1975,5.98
12/5/1975,6.04
12/12/1975,6.06
12/19/1975,5.85
12/26/1975,5.60
1/2/1976,5.49
1/9/1976,5.32
1/16/1976,5.11
1/23/1976,5.06
1/30/1976,5.00
2/6/1976,5.15
2/13/1976,5.13
2/20/1976,5.22
2/27/1976,5.28
3/5/1976,5.65
3/12/1976,5.47
3/19/1976,5.43
3/26/1976,5.26
4/2/1976,5.34
4/9/1976,5.22
4/16/1976,5.04
4/23/1976,5.11
4/30/1976,5.24
5/7/1976,5.30
5/14/1976,5.51
5/21/1976,5.79
5/28/1976,5.89
6/4/1976,5.90
6/11/1976,5.75
6/18/1976,5.74
6/25/1976,5.71
7/2/1976,5.75
7/9/1976,5.61
7/16/1976,5.44
7/23/1976,5.54
7/30/1976,5.45
8/6/1976,5.46
8/13/1976,5.42
8/20/1976,5.40
8/27/1976,5.35
9/3/1976,5.35
9/10/1976,5.31
9/17/1976,5.31
9/24/1976,5.27
10/1/1976,5.30
10/8/1976,5.17
10/15/1976,4.98
10/22/1976,4.97
10/29/1976,5.07
11/5/1976,5.00
11/12/1976,5.06
11/19/1976,4.92
11/26/1976,4.68
12/3/1976,4.55
12/10/1976,4.52
12/17/1976,4.53
12/24/1976,4.47
12/31/1976,4.51
1/7/1977,4.64
1/14/1977,4.79
1/21/1977,4.86
1/28/1977,4.97
2/4/1977,4.99
2/11/1977,4.85
2/18/1977,4.84
2/25/1977,4.94
3/4/1977,4.93
3/11/1977,4.92
3/18/1977,4.87
3/25/1977,4.85
4/1/1977,4.81
4/8/1977,4.84
4/15/1977,4.75
4/22/1977,4.76
4/29/1977,4.84
5/6/1977,5.01
5/13/1977,5.23
5/20/1977,5.30
5/27/1977,5.25
6/3/1977,5.23
6/10/1977,5.24
6/17/1977,5.20
6/24/1977,5.22
7/1/1977,5.19
7/8/1977,5.29
7/15/1977,5.37
7/22/1977,5.43
7/29/1977,5.51
8/5/1977,5.69
8/12/1977,5.81
8/19/1977,5.92
8/26/1977,5.87
9/2/1977,5.86
9/9/1977,5.93
9/16/1977,6.05
9/23/1977,6.06
9/30/1977,6.16
10/7/1977,6.33
10/14/1977,6.52
10/21/1977,6.49
10/28/1977,6.37
11/4/1977,6.49
11/11/1977,6.44
11/18/1977,6.38
11/25/1977,6.37
12/2/1977,6.37
12/9/1977,6.38
12/16/1977,6.37
12/23/1977,6.40
12/30/1977,6.47
1/6/1978,6.45
1/13/1978,6.84
1/20/1978,6.74
1/27/1978,6.72
2/3/1978,6.70
2/10/1978,6.73
2/17/1978,6.79
2/24/1978,6.75
3/3/1978,6.70
3/10/1978,6.64
3/17/1978,6.61
3/24/1978,6.57
3/31/1978,6.66
4/7/1978,6.73
4/14/1978,6.70
4/21/1978,6.70
4/28/1978,6.80
5/5/1978,6.90
5/12/1978,6.99
5/19/1978,7.03
5/26/1978,7.13
6/2/1978,7.14
6/9/1978,7.12
6/16/1978,7.16
6/23/1978,7.31
6/30/1978,7.38
7/7/1978,7.43
7/14/1978,7.51
7/21/1978,7.47
7/28/1978,7.38
8/4/1978,7.24
8/11/1978,7.18
8/18/1978,7.40
8/25/1978,7.46
9/1/1978,7.65
9/8/1978,7.69
9/15/1978,7.87
9/22/1978,8.10
9/29/1978,8.28
10/6/1978,8.39
10/13/1978,8.39
10/20/1978,8.59
10/27/1978,8.57
11/3/1978,9.26
11/10/1978,9.42
11/17/1978,9.08
11/24/1978,9.07
12/1/1978,9.27
12/8/1978,9.24
12/15/1978,9.24
12/22/1978,9.58
12/29/1978,9.46
1/5/1979,9.45
1/12/1979,9.50
1/19/1979,9.56
1/26/1979,9.44
2/2/1979,9.34
2/9/1979,9.37
2/16/1979,9.36
2/23/1979,9.50
3/2/1979,9.50
3/9/1979,9.45
3/16/1979,9.51
3/23/1979,9.47
3/30/1979,9.43
4/6/1979,9.46
4/13/1979,9.65
4/20/1979,9.45
4/27/1979,9.40
5/4/1979,9.60
5/11/1979,9.61
5/18/1979,9.50
5/25/1979,9.49
6/1/1979,9.44
6/8/1979,9.29
6/15/1979,9.01
6/22/1979,8.99
6/29/1979,8.88
7/6/1979,8.97
7/13/1979,9.19
7/20/1979,9.31
7/27/1979,9.39
8/3/1979,9.31
8/10/1979,9.39
8/17/1979,9.47
8/24/1979,9.53
8/31/1979,9.70
9/7/1979,10.15
9/14/1979,10.27
9/21/1979,10.23
9/28/1979,10.16
10/5/1979,10.43
10/12/1979,11.53
10/19/1979,11.82
10/26/1979,12.54
11/2/1979,12.14
11/9/1979,12.28
11/16/1979,11.92
11/23/1979,11.84
11/30/1979,11.25
12/7/1979,11.65
12/14/1979,12.09
12/21/1979,11.80
12/28/1979,11.85
1/4/1980,11.93
1/11/1980,11.73
1/18/1980,11.77
1/25/1980,11.88
2/1/1980,11.96
2/8/1980,12.03
2/15/1980,12.46
2/22/1980,13.34
2/29/1980,13.82
3/7/1980,14.90
3/14/1980,15.02
3/21/1980,14.83
3/28/1980,15.42
4/4/1980,14.75
4/11/1980,14.11
4/18/1980,13.03
4/25/1980,11.72
5/2/1980,10.38
5/9/1980,9.09
5/16/1980,8.68
5/23/1980,8.26
5/30/1980,7.87
6/6/1980,7.77
6/13/1980,6.91
6/20/1980,6.93
6/27/1980,7.48
7/4/1980,7.88
7/11/1980,8.03
7/18/1980,7.99
7/25/1980,7.99
8/1/1980,8.49
8/8/1980,8.69
8/15/1980,8.91
8/22/1980,9.83
8/29/1980,10.36
9/5/1980,9.92
9/12/1980,10.26
9/19/1980,10.60
9/26/1980,11.00
10/3/1980,11.47
10/10/1980,11.17
10/17/1980,11.17
10/24/1980,11.64
10/31/1980,12.59
11/7/1980,13.18
11/14/1980,13.03
11/21/1980,13.71
11/28/1980,14.05
12/5/1980,14.57
12/12/1980,15.39
12/19/1980,15.18
12/26/1980,13.81
1/2/1981,13.73
1/9/1981,13.69
1/16/1981,14.06
1/23/1981,14.59
1/30/1981,14.01
2/6/1981,13.92
2/13/1981,14.63
2/20/1981,14.00
2/27/1981,13.76
3/6/1981,14.00
3/13/1981,13.10
3/20/1981,11.92
3/27/1981,12.51
4/3/1981,12.18
4/10/1981,13.36
4/17/1981,13.50
4/24/1981,13.72
5/1/1981,14.09
5/8/1981,15.50
5/15/1981,15.68
5/22/1981,15.52
5/29/1981,14.55
6/5/1981,14.62
6/12/1981,13.99
6/19/1981,13.86
6/26/1981,13.98
7/3/1981,14.04
7/10/1981,14.45
7/17/1981,14.39
7/24/1981,15.30
7/31/1981,15.00
8/7/1981,15.40
8/14/1981,15.28
8/21/1981,15.58
8/28/1981,15.76
9/4/1981,15.72
9/11/1981,15.38
9/18/1981,14.51
9/25/1981,14.43
10/2/1981,14.72
10/9/1981,13.98
10/16/1981,13.64
10/23/1981,13.82
10/30/1981,13.43
11/6/1981,12.54
11/13/1981,11.44
11/20/1981,10.82
11/27/1981,10.65
12/4/1981,10.83
12/11/1981,11.06
12/18/1981,11.51
12/25/1981,12.03
1/1/1982,12.25
1/8/1982,12.37
1/15/1982,12.85
1/22/1982,13.13
1/29/1982,12.96
2/5/1982,13.72
2/12/1982,14.01
2/19/1982,14.04
2/26/1982,12.84
3/5/1982,12.58
3/12/1982,12.55
3/19/1982,12.89
3/26/1982,12.78
4/2/1982,13.17
4/9/1982,13.06
4/16/1982,12.92
4/23/1982,12.61
4/30/1982,12.57
5/7/1982,12.59
5/14/1982,12.37
5/21/1982,11.97
5/28/1982,11.72
6/4/1982,12.12
6/11/1982,12.19
6/18/1982,12.83
6/25/1982,13.25
7/2/1982,13.08
7/9/1982,12.57
7/16/1982,12.06
7/23/1982,11.21
7/30/1982,11.39
8/6/1982,10.78
8/13/1982,10.70
8/20/1982,9.17
8/27/1982,8.99
9/3/1982,9.59
9/10/1982,9.63
9/17/1982,9.57
9/24/1982,9.21
10/1/1982,8.85
10/8/1982,8.86
10/15/1982,7.82
10/22/1982,7.93
10/29/1982,8.39
11/5/1982,8.24
11/12/1982,8.39
11/19/1982,8.41
11/26/1982,8.18
12/3/1982,8.47
12/10/1982,8.30
12/17/1982,8.04
12/24/1982,8.04
12/31/1982,8.07
1/7/1983,7.95
1/14/1983,7.73
1/21/1983,7.85
1/28/1983,8.13
2/4/1983,8.29
2/11/1983,8.34
2/18/1983,8.28
2/25/1983,8.00
3/4/1983,7.97
3/11/1983,8.25
3/18/1983,8.35
3/25/1983,8.57
4/1/1983,8.67
4/8/1983,8.51
4/15/1983,8.25
4/22/1983,8.27
4/29/1983,8.16
5/6/1983,8.02
5/13/1983,8.05
5/20/1983,8.21
5/27/1983,8.50
6/3/1983,8.68
6/10/1983,8.88
6/17/1983,8.80
6/24/1983,9.02
7/1/1983,8.97
7/8/1983,9.24
7/15/1983,9.30
7/22/1983,9.24
7/29/1983,9.33
8/5/1983,9.58
8/12/1983,9.67
8/19/1983,9.45
8/26/1983,9.32
9/2/1983,9.52
9/9/1983,9.35
9/16/1983,9.21
9/23/1983,9.02
9/30/1983,8.89
10/7/1983,8.81
10/14/1983,8.97
10/21/1983,8.72
10/28/1983,8.88
11/4/1983,8.79
11/11/1983,8.93
11/18/1983,8.97
11/25/1983,8.94
12/2/1983,9.05
12/9/1983,9.16
12/16/1983,9.24
12/23/1983,9.19
12/30/1983,9.14
1/6/1984,9.12
1/13/1984,9.03
1/20/1984,8.95
1/27/1984,9.00
2/3/1984,8.97
2/10/1984,9.10
2/17/1984,9.21
2/24/1984,9.32
3/2/1984,9.33
3/9/1984,9.43
3/16/1984,9.59
3/23/1984,9.88
3/30/1984,9.85
4/6/1984,9.91
4/13/1984,9.79
4/20/1984,9.86
4/27/1984,9.79
5/4/1984,9.99
5/11/1984,10.28
5/18/1984,10.28
5/25/1984,10.42
6/1/1984,10.56
6/8/1984,10.49
6/15/1984,10.50
6/22/1984,10.56
6/29/1984,10.48
7/6/1984,10.43
7/13/1984,10.50
7/20/1984,10.55
7/27/1984,10.56
8/3/1984,10.63
8/10/1984,10.59
8/17/1984,10.52
8/24/1984,10.57
8/31/1984,10.75
9/7/1984,10.73
9/14/1984,10.51
9/21/1984,10.35
9/28/1984,10.34
10/5/1984,10.30
10/12/1984,10.12
10/19/1984,9.91
10/26/1984,9.46
11/2/1984,9.33
11/9/1984,8.95
11/16/1984,8.95
11/23/1984,8.65
11/30/1984,8.55
12/7/1984,8.61
12/14/1984,8.43
12/21/1984,8.03
12/28/1984,8.03
1/4/1985,8.17
1/11/1985,7.98
1/18/1985,7.98
1/25/1985,7.91
2/1/1985,8.09
2/8/1985,8.28
2/15/1985,8.29
2/22/1985,8.42
3/1/1985,8.70
3/8/1985,8.97
3/15/1985,8.95
3/22/1985,8.96
3/29/1985,8.71
4/5/1985,8.58
4/12/1985,8.41
4/19/1985,8.06
4/26/1985,8.00
5/3/1985,8.03
5/10/1985,7.92
5/17/1985,7.68
5/24/1985,7.41
5/31/1985,7.32
6/7/1985,7.10
6/14/1985,7.15
6/21/1985,6.97
6/28/1985,7.16
7/5/1985,6.98
7/12/1985,7.09
7/19/1985,7.18
7/26/1985,7.35
8/2/1985,7.44
8/9/1985,7.44
8/16/1985,7.34
8/23/1985,7.22
8/30/1985,7.22
9/6/1985,7.31
9/13/1985,7.42
9/20/1985,7.33
9/27/1985,7.00
10/4/1985,7.20
10/11/1985,7.36
10/18/1985,7.33
10/25/1985,7.38
11/1/1985,7.32
11/8/1985,7.32
11/15/1985,7.32
11/22/1985,7.29
11/29/1985,7.28
12/6/1985,7.31
12/13/1985,7.12
12/20/1985,7.06
12/27/1985,7.06
1/3/1986,7.11
1/10/1986,7.20
1/17/1986,7.26
1/24/1986,7.13
1/31/1986,7.07
2/7/1986,7.11
2/14/1986,7.18
2/21/1986,7.11
2/28/1986,7.04
3/7/1986,6.77
3/14/1986,6.58
3/21/1986,6.55
3/28/1986,6.42
4/4/1986,6.30
4/11/1986,6.08
4/18/1986,5.87
4/25/1986,6.06
5/2/1986,6.15
5/9/1986,6.08
5/16/1986,6.15
5/23/1986,6.25
5/30/1986,6.32
6/6/1986,6.48
6/13/1986,6.38
6/20/1986,6.19
6/27/1986,6.08
7/4/1986,5.93
7/11/1986,5.88
7/18/1986,5.81
7/25/1986,5.84
8/1/1986,5.85
8/8/1986,5.77
8/15/1986,5.59
8/22/1986,5.50
8/29/1986,5.31
9/5/1986,5.26
9/12/1986,5.36
9/19/1986,5.37
9/26/1986,5.38
10/3/1986,5.35
10/10/1986,5.10
10/17/1986,5.28
10/24/1986,5.37
10/31/1986,5.27
11/7/1986,5.35
11/14/1986,5.49
11/21/1986,5.41
11/28/1986,5.42
12/5/1986,5.44
12/12/1986,5.49
12/19/1986,5.59
12/26/1986,5.60
1/2/1987,5.64
1/9/1987,5.49
1/16/1987,5.41
1/23/1987,5.33
1/30/1987,5.47
2/6/1987,5.61
2/13/1987,5.75
2/20/1987,5.55
2/27/1987,5.43
3/6/1987,5.55
3/13/1987,5.64
3/20/1987,5.55
3/27/1987,5.61
4/3/1987,5.75
4/10/1987,5.76
4/17/1987,6.01
4/24/1987,5.93
5/1/1987,6.05
5/8/1987,5.91
5/15/1987,5.95
5/22/1987,6.21
5/29/1987,6.17
6/5/1987,6.10
6/12/1987,5.89
6/19/1987,5.93
6/26/1987,6.05
7/3/1987,5.88
7/10/1987,5.56
7/17/1987,5.56
7/24/1987,5.82
7/31/1987,6.10
8/7/1987,6.10
8/14/1987,6.05
8/21/1987,6.18
8/28/1987,6.25
9/4/1987,6.36
9/11/1987,6.53
9/18/1987,6.65
9/25/1987,6.79
10/2/1987,6.86
10/9/1987,7.08
10/16/1987,7.52
10/23/1987,6.33
10/30/1987,5.93
11/6/1987,6.10
11/13/1987,6.26
11/20/1987,6.27
11/27/1987,6.17
12/4/1987,6.15
12/11/1987,6.44
12/18/1987,6.43
12/25/1987,6.44
1/1/1988,6.26
1/8/1988,6.36
1/15/1988,6.29
1/22/1988,6.25
1/29/1988,6.11
2/5/1988,6.05
2/12/1988,5.91
2/19/1988,5.99
2/26/1988,5.81
3/4/1988,5.86
3/11/1988,5.88
3/18/1988,5.79
3/25/1988,5.98
4/1/1988,6.04
4/8/1988,6.20
4/15/1988,6.14
4/22/1988,6.22
4/29/1988,6.28
5/6/1988,6.43
5/13/1988,6.47
5/20/1988,6.53
5/27/1988,6.76
6/3/1988,6.79
6/10/1988,6.67
6/17/1988,6.61
6/24/1988,6.78
7/1/1988,6.75
7/8/1988,6.78
7/15/1988,7.00
7/22/1988,7.07
7/29/1988,7.12
8/5/1988,7.13
8/12/1988,7.39
8/19/1988,7.52
8/26/1988,7.48
9/2/1988,7.47
9/9/1988,7.42
9/16/1988,7.38
9/23/1988,7.39
9/30/1988,7.51
10/7/1988,7.48
10/14/1988,7.42
10/21/1988,7.54
10/28/1988,7.53
11/4/1988,7.51
11/11/1988,7.75
11/18/1988,7.94
11/25/1988,8.06
12/2/1988,8.09
12/9/1988,8.19
12/16/1988,8.27
12/23/1988,8.20
12/30/1988,8.28
1/6/1989,8.41
1/13/1989,8.41
1/20/1989,8.30
1/27/1989,8.32
2/3/1989,8.42
2/10/1989,8.50
2/17/1989,8.57
2/24/1989,8.59
3/3/1989,8.68
3/10/1989,8.68
3/17/1989,8.78
3/24/1989,9.04
3/31/1989,9.06
4/7/1989,8.77
4/14/1989,8.75
4/21/1989,8.51
4/28/1989,8.59
5/5/1989,8.52
5/12/1989,8.42
5/19/1989,8.33
5/26/1989,8.39
6/2/1989,8.33
6/9/1989,7.89
6/16/1989,7.87
6/23/1989,8.05
6/30/1989,7.79
7/7/1989,7.58
7/14/1989,7.52
7/21/1989,7.73
7/28/1989,7.62
8/4/1989,7.45
8/11/1989,7.66
8/18/1989,7.82
8/25/1989,7.92
9/1/1989,7.82
9/8/1989,7.81
9/15/1989,7.60
9/22/1989,7.70
9/29/1989,7.85
10/6/1989,7.83
10/13/1989,7.63
10/20/1989,7.53
10/27/1989,7.50
11/3/1989,7.58
11/10/1989,7.59
11/17/1989,7.45
11/24/1989,7.39
12/1/1989,7.43
12/8/1989,7.35
12/15/1989,7.40
12/22/1989,7.42
12/29/1989,7.56
1/5/1990,7.50
1/12/1990,7.43
1/19/1990,7.60
1/26/1990,7.59
2/2/1990,7.71
2/9/1990,7.74
2/16/1990,7.63
2/23/1990,7.74
3/2/1990,7.72
3/9/1990,7.83
3/16/1990,7.88
3/23/1990,7.87
3/30/1990,7.84
4/6/1990,7.77
4/13/1990,7.78
4/20/1990,7.81
4/27/1990,7.94
5/4/1990,7.97
5/11/1990,7.75
5/18/1990,7.68
5/25/1990,7.73
6/1/1990,7.68
6/8/1990,7.61
6/15/1990,7.61
6/22/1990,7.65
6/29/1990,7.66
7/6/1990,7.61
7/13/1990,7.65
7/20/1990,7.48
7/27/1990,7.42
8/3/1990,7.29
8/10/1990,7.29
8/17/1990,7.37
8/24/1990,7.49
8/31/1990,7.44
9/7/1990,7.34
9/14/1990,7.32
9/21/1990,7.31
9/28/1990,7.30
10/5/1990,7.14
10/12/1990,7.18
10/19/1990,7.20
10/26/1990,7.15
11/2/1990,7.08
11/9/1990,7.05
11/16/1990,7.03
11/23/1990,7.03
11/30/1990,7.00
12/7/1990,6.88
12/14/1990,6.71
12/21/1990,6.64
12/28/1990,6.59
1/4/1991,6.44
1/11/1991,6.36
1/18/1991,6.20
1/25/1991,6.20
2/1/1991,6.19
2/8/1991,5.91
2/15/1991,5.87
2/22/1991,5.93
3/1/1991,6.03
3/8/1991,6.04
3/15/1991,5.85
3/22/1991,5.89
3/29/1991,5.83
4/5/1991,5.77
4/12/1991,5.67
4/19/1991,5.70
4/26/1991,5.73
5/3/1991,5.60
5/10/1991,5.63
5/17/1991,5.59
5/24/1991,5.63
5/31/1991,5.63
6/7/1991,5.72
6/14/1991,5.78
6/21/1991,5.76
6/28/1991,5.74
7/5/1991,5.71
7/12/1991,5.68
7/19/1991,5.73
7/26/1991,5.72
8/2/1991,5.65
8/9/1991,5.46
8/16/1991,5.36
8/23/1991,5.28
8/30/1991,5.37
9/6/1991,5.36
9/13/1991,5.25
9/20/1991,5.23
9/27/1991,5.20
10/4/1991,5.11
10/11/1991,5.06
10/18/1991,5.03
10/25/1991,5.08
11/1/1991,4.88
11/8/1991,4.74
11/15/1991,4.67
11/22/1991,4.55
11/29/1991,4.45
12/6/1991,4.32
12/13/1991,4.17
12/20/1991,4.10
12/27/1991,3.89
1/3/1992,3.87
1/10/1992,3.81
1/17/1992,3.88
1/24/1992,3.86
1/31/1992,3.92
2/7/1992,3.87
2/14/1992,3.85
2/21/1992,3.98
2/28/1992,4.03
3/6/1992,4.13
3/13/1992,4.16
3/20/1992,4.23
3/27/1992,4.18
4/3/1992,4.11
4/10/1992,3.89
4/17/1992,3.74
4/24/1992,3.84
5/1/1992,3.83
5/8/1992,3.77
5/15/1992,3.70
5/22/1992,3.71
5/29/1992,3.84
6/5/1992,3.86
6/12/1992,3.80
6/19/1992,3.73
6/26/1992,3.74
7/3/1992,3.57
7/10/1992,3.28
7/17/1992,3.24
7/24/1992,3.24
7/31/1992,3.27
8/7/1992,3.24
8/14/1992,3.19
8/21/1992,3.15
8/28/1992,3.25
9/4/1992,3.16
9/11/1992,2.94
9/18/1992,2.92
9/25/1992,2.93
10/2/1992,2.82
10/9/1992,2.88
10/16/1992,3.01
10/23/1992,3.17
10/30/1992,3.19
11/6/1992,3.23
11/13/1992,3.30
11/20/1992,3.37
11/27/1992,3.43
12/4/1992,3.45
12/11/1992,3.36
12/18/1992,3.38
12/25/1992,3.32
1/1/1993,3.32
1/8/1993,3.25
1/15/1993,3.14
1/22/1993,3.11
1/29/1993,3.07
2/5/1993,3.10
2/12/1993,3.10
2/19/1993,3.04
2/26/1993,3.04
3/5/1993,3.04
3/12/1993,3.09
3/19/1993,3.08
3/26/1993,3.03
4/2/1993,3.01
4/9/1993,3.00
4/16/1993,2.97
4/23/1993,2.93
4/30/1993,2.98
5/7/1993,2.97
5/14/1993,3.01
5/21/1993,3.09
5/28/1993,3.20
6/4/1993,3.21
6/11/1993,3.26
6/18/1993,3.16
6/25/1993,3.19
7/2/1993,3.11
7/9/1993,3.11
7/16/1993,3.13
7/23/1993,3.20
7/30/1993,3.21
8/6/1993,3.21
8/13/1993,3.14
8/20/1993,3.11
8/27/1993,3.10
9/3/1993,3.09
9/10/1993,3.06
9/17/1993,3.07
9/24/1993,3.06
10/1/1993,3.04
10/8/1993,3.08
10/15/1993,3.10
10/22/1993,3.14
10/29/1993,3.18
11/5/1993,3.25
11/12/1993,3.25
11/19/1993,3.25
11/26/1993,3.27
12/3/1993,3.27
12/10/1993,3.25
12/17/1993,3.24
12/24/1993,3.22
12/31/1993,3.21
1/7/1994,3.23
1/14/1994,3.14
1/21/1994,3.12
1/28/1994,3.13
2/4/1994,3.24
2/11/1994,3.40
2/18/1994,3.43
2/25/1994,3.58
3/4/1994,3.68
3/11/1994,3.77
3/18/1994,3.81
3/25/1994,3.81
4/1/1994,3.81
4/8/1994,3.97
4/15/1994,3.98
4/22/1994,4.18
4/29/1994,4.26
5/6/1994,4.47
5/13/1994,4.74
5/20/1994,4.56
5/27/1994,4.61
6/3/1994,4.61
6/10/1994,4.51
6/17/1994,4.50
6/24/1994,4.57
7/1/1994,4.61
7/8/1994,4.74
7/15/1994,4.79
7/22/1994,4.70
7/29/1994,4.80
8/5/1994,4.75
8/12/1994,4.91
8/19/1994,4.94
8/26/1994,4.90
9/2/1994,4.86
9/9/1994,4.88
9/16/1994,4.98
9/23/1994,5.14
9/30/1994,5.21
10/7/1994,5.36
10/14/1994,5.30
10/21/1994,5.38
10/28/1994,5.48
11/4/1994,5.53
11/11/1994,5.64
11/18/1994,5.77
11/25/1994,5.78
12/2/1994,5.97
12/9/1994,6.20
12/16/1994,6.27
12/23/1994,6.20
12/30/1994,6.23
1/6/1995,6.30
1/13/1995,6.24
1/20/1995,6.19
1/27/1995,6.18
2/3/1995,6.14
2/10/1995,6.09
2/17/1995,6.04
2/24/1995,5.94
3/3/1995,5.91
3/10/1995,5.96
3/17/1995,5.90
3/24/1995,5.87
3/31/1995,5.81
4/7/1995,5.84
4/14/1995,5.78
4/21/1995,5.71
4/28/1995,5.76
5/5/1995,5.71
5/12/1995,5.66
5/19/1995,5.67
5/26/1995,5.66
6/2/1995,5.49
6/9/1995,5.48
6/16/1995,5.45
6/23/1995,5.40
6/30/1995,5.37
7/7/1995,5.34
7/14/1995,5.32
7/21/1995,5.42
7/28/1995,5.40
8/4/1995,5.40
8/11/1995,5.41
8/18/1995,5.46
8/25/1995,5.41
9/1/1995,5.32
9/8/1995,5.32
9/15/1995,5.29
9/22/1995,5.25
9/29/1995,5.35
10/6/1995,5.35
10/13/1995,5.33
10/20/1995,5.32
10/27/1995,5.31
11/3/1995,5.27
11/10/1995,5.29
11/17/1995,5.29
11/24/1995,5.27
12/1/1995,5.25
12/8/1995,5.20
12/15/1995,5.19
12/22/1995,5.09
12/29/1995,4.98
1/5/1996,5.00
1/12/1996,4.98
1/19/1996,4.85
1/26/1996,4.90
2/2/1996,4.81
2/9/1996,4.75
2/16/1996,4.70
2/23/1996,4.82
3/1/1996,4.82
3/8/1996,4.87
3/15/1996,4.99
3/22/1996,5.03
3/29/1996,5.00
4/5/1996,5.06
4/12/1996,5.11
4/19/1996,5.03
4/26/1996,5.04
5/3/1996,5.10
5/10/1996,5.12
5/17/1996,5.11
5/24/1996,5.12
5/31/1996,5.14
6/7/1996,5.22
6/14/1996,5.30
6/21/1996,5.25
6/28/1996,5.22
7/5/1996,5.26
7/12/1996,5.34
7/19/1996,5.28
7/26/1996,5.30
8/2/1996,5.24
8/9/1996,5.11
8/16/1996,5.11
8/23/1996,5.10
8/30/1996,5.18
9/6/1996,5.35
9/13/1996,5.28
9/20/1996,5.25
9/27/1996,5.13
10/4/1996,5.08
10/11/1996,5.10
10/18/1996,5.11
10/25/1996,5.13
11/1/1996,5.10
11/8/1996,5.08
11/15/1996,5.07
11/22/1996,5.06
11/29/1996,5.06
12/6/1996,5.02
12/13/1996,5.00
12/20/1996,5.06
12/27/1996,5.08
1/3/1997,5.12
1/10/1997,5.10
1/17/1997,5.08
1/24/1997,5.12
1/31/1997,5.10
2/7/1997,5.07
2/14/1997,5.04
2/21/1997,5.02
2/28/1997,5.10
3/7/1997,5.19
3/14/1997,5.20
3/21/1997,5.29
3/28/1997,5.36
4/4/1997,5.32
4/11/1997,5.37
4/18/1997,5.40
4/25/1997,5.40
5/2/1997,5.34
5/9/1997,5.32
5/16/1997,5.31
5/23/1997,5.29
5/30/1997,5.25
6/6/1997,5.20
6/13/1997,5.17
6/20/1997,5.10
6/27/1997,5.08
7/4/1997,5.09
7/11/1997,5.09
7/18/1997,5.12
7/25/1997,5.15
8/1/1997,5.14
8/8/1997,5.21
8/15/1997,5.21
8/22/1997,5.15
8/29/1997,5.18
9/5/1997,5.17
9/12/1997,5.14
9/19/1997,5.09
9/26/1997,4.99
10/3/1997,5.04
10/10/1997,5.05
10/17/1997,5.12
10/24/1997,5.15
10/31/1997,5.07
11/7/1997,5.13
11/14/1997,5.16
11/21/1997,5.17
11/28/1997,5.22
12/5/1997,5.22
12/12/1997,5.23
12/19/1997,5.21
12/26/1997,5.28
1/2/1998,5.24
1/9/1998,5.04
1/16/1998,4.97
1/23/1998,5.02
1/30/1998,5.06
2/6/1998,5.04
2/13/1998,5.04
2/20/1998,5.08
2/27/1998,5.11
3/6/1998,5.08
3/13/1998,5.02
3/20/1998,5.05
3/27/1998,5.02
4/3/1998,5.03
4/10/1998,5.01
4/17/1998,5.09
4/24/1998,5.06
5/1/1998,5.09
5/8/1998,5.11
5/15/1998,5.16
5/22/1998,5.18
5/29/1998,5.15
6/5/1998,5.11
6/12/1998,5.14
6/19/1998,5.12
6/26/1998,5.11
7/3/1998,5.03
7/10/1998,5.02
7/17/1998,5.04
7/24/1998,5.04
7/31/1998,5.01
8/7/1998,5.00
8/14/1998,4.94
8/21/1998,4.97
8/28/1998,4.91
9/4/1998,4.79
9/11/1998,4.71
9/18/1998,4.69
9/25/1998,4.52
10/2/1998,4.33
10/9/1998,4.10
10/16/1998,3.99
10/23/1998,3.94
10/30/1998,4.11
11/6/1998,4.43
11/13/1998,4.43
11/20/1998,4.38
11/27/1998,4.45
12/4/1998,4.36
12/11/1998,4.38
12/18/1998,4.38
12/25/1998,4.48
1/1/1999,4.45
1/8/1999,4.38
1/15/1999,4.33
1/22/1999,4.30
1/29/1999,4.30
2/5/1999,4.40
2/12/1999,4.41
2/19/1999,4.45
2/26/1999,4.51
3/5/1999,4.56
3/12/1999,4.51
3/19/1999,4.48
3/26/1999,4.38
4/2/1999,4.34
4/9/1999,4.35
4/16/1999,4.34
4/23/1999,4.38
4/30/1999,4.43
5/7/1999,4.50
5/14/1999,4.52
5/21/1999,4.60
5/28/1999,4.62
6/4/1999,4.75
6/11/1999,4.81
6/18/1999,4.82
6/25/1999,4.85
7/2/1999,4.85
7/9/1999,4.61
7/16/1999,4.52
7/23/1999,4.49
7/30/1999,4.61
8/6/1999,4.78
8/13/1999,4.90
8/20/1999,4.88
8/27/1999,4.89
9/3/1999,4.97
9/10/1999,4.93
9/17/1999,4.89
9/24/1999,4.85
10/1/1999,4.79
10/8/1999,4.88
10/15/1999,4.94
10/22/1999,5.03
10/29/1999,5.10
11/5/1999,5.10
11/12/1999,5.16
11/19/1999,5.22
11/26/1999,5.27
12/3/1999,5.33
12/10/1999,5.33
12/17/1999,5.48
12/24/1999,5.56
12/31/1999,5.47
1/7/2000,5.48
1/14/2000,5.43
1/21/2000,5.53
1/28/2000,5.55
2/4/2000,5.66
2/11/2000,5.72
2/18/2000,5.74
2/25/2000,5.74
3/3/2000,5.76
3/10/2000,5.82
3/17/2000,5.86
3/24/2000,5.88
3/31/2000,5.90
4/7/2000,5.85
4/14/2000,5.82
4/21/2000,5.76
4/28/2000,5.79
5/5/2000,5.96
5/12/2000,6.15
5/19/2000,6.17
5/26/2000,6.11
6/2/2000,6.04
6/9/2000,6.01
6/16/2000,5.96
6/23/2000,5.93
6/30/2000,5.95
7/7/2000,5.94
7/14/2000,5.99
7/21/2000,6.03
7/28/2000,6.02
8/4/2000,6.07
8/11/2000,6.05
8/18/2000,6.07
8/25/2000,6.08
9/1/2000,6.10
9/8/2000,6.02
9/15/2000,5.94
9/22/2000,5.96
9/29/2000,6.00
10/6/2000,6.04
10/13/2000,6.00
10/20/2000,6.01
10/27/2000,6.08
11/3/2000,6.09
11/10/2000,6.10
11/17/2000,6.07
11/24/2000,6.06
12/1/2000,5.98
12/8/2000,5.81
12/15/2000,5.78
12/22/2000,5.53
12/29/2000,5.50
1/5/2001,5.10
1/12/2001,4.94
1/19/2001,4.99
1/26/2001,4.92
2/2/2001,4.72
2/9/2001,4.76
2/16/2001,4.80
2/23/2001,4.69
3/2/2001,4.51
3/9/2001,4.48
3/16/2001,4.33
3/23/2001,4.17
3/30/2001,4.04
4/6/2001,3.93
4/13/2001,3.91
4/20/2001,3.89
4/27/2001,3.71
5/4/2001,3.77
5/11/2001,3.60
5/18/2001,3.59
5/25/2001,3.61
6/1/2001,3.52
6/8/2001,3.50
6/15/2001,3.48
6/22/2001,3.36
6/29/2001,3.44
7/6/2001,3.50
7/13/2001,3.47
7/20/2001,3.45
7/27/2001,3.41
8/3/2001,3.37
8/10/2001,3.32
8/17/2001,3.27
8/24/2001,3.27
8/31/2001,3.23
9/7/2001,3.24
9/14/2001,2.80
9/21/2001,2.38
9/28/2001,2.29
10/5/2001,2.20
10/12/2001,2.17
10/19/2001,2.15
10/26/2001,2.08
11/2/2001,1.93
11/9/2001,1.79
11/16/2001,1.91
11/23/2001,1.97
11/30/2001,1.87
12/7/2001,1.80
12/14/2001,1.73
12/21/2001,1.77
12/28/2001,1.80
1/4/2002,1.79
1/11/2002,1.70
1/18/2002,1.63
1/25/2002,1.76
2/1/2002,1.82
2/8/2002,1.80
2/15/2002,1.82
2/22/2002,1.82
3/1/2002,1.85
3/8/2002,1.91
3/15/2002,2.00
3/22/2002,2.06
3/29/2002,2.07
4/5/2002,2.03
4/12/2002,1.94
4/19/2002,1.88
4/26/2002,1.85
5/3/2002,1.86
5/10/2002,1.84
5/17/2002,1.88
5/24/2002,1.87
5/31/2002,1.87
6/7/2002,1.85
6/14/2002,1.80
6/21/2002,1.76
6/28/2002,1.73
7/5/2002,1.72
7/12/2002,1.71
7/19/2002,1.70
7/26/2002,1.66
8/2/2002,1.65
8/9/2002,1.55
8/16/2002,1.59
8/23/2002,1.62
8/30/2002,1.64
9/6/2002,1.58
9/13/2002,1.64
9/20/2002,1.63
9/27/2002,1.58
10/4/2002,1.50
10/11/2002,1.53
10/18/2002,1.64
10/25/2002,1.64
11/1/2002,1.43
11/8/2002,1.30
11/15/2002,1.24
11/22/2002,1.25
11/29/2002,1.27
12/6/2002,1.27
12/13/2002,1.25
12/20/2002,1.24
12/27/2002,1.23
1/3/2003,1.22
1/10/2003,1.23
1/17/2003,1.21
1/24/2003,1.18
1/31/2003,1.17
2/7/2003,1.17
2/14/2003,1.17
2/21/2003,1.18
2/28/2003,1.18
3/7/2003,1.15
3/14/2003,1.07
3/21/2003,1.15
3/28/2003,1.15
4/4/2003,1.09
4/11/2003,1.13
4/18/2003,1.18
4/25/2003,1.17
5/2/2003,1.13
5/9/2003,1.11
5/16/2003,1.08
5/23/2003,1.05
5/30/2003,1.07
6/6/2003,1.03
6/13/2003,0.91
6/20/2003,0.85
6/27/2003,0.89
7/4/2003,0.94
7/11/2003,0.94
7/18/2003,0.94
7/25/2003,0.96
8/1/2003,1.00
8/8/2003,1.02
8/15/2003,1.03
8/22/2003,1.03
8/29/2003,1.04
9/5/2003,1.03
9/12/2003,1.01
9/19/2003,1.00
9/26/2003,1.01
10/3/2003,0.99
10/10/2003,0.98
10/17/2003,1.00
10/24/2003,1.01
10/31/2003,1.02
11/7/2003,1.03
11/14/2003,1.03
11/21/2003,1.01
11/28/2003,1.02
12/5/2003,1.02
12/12/2003,1.00
12/19/2003,0.96
12/26/2003,0.98
1/2/2004,1.00
1/9/2004,1.00
1/16/2004,0.95
1/23/2004,0.95
1/30/2004,0.98
2/6/2004,1.00
2/13/2004,0.98
2/20/2004,0.98
2/27/2004,1.00
3/5/2004,1.00
3/12/2004,0.98
3/19/2004,0.99
3/26/2004,0.98
4/2/2004,1.00
4/9/2004,1.03
4/16/2004,1.07
4/23/2004,1.13
4/30/2004,1.15
5/7/2004,1.20
5/14/2004,1.32
5/21/2004,1.34
5/28/2004,1.37
6/4/2004,1.43
6/11/2004,1.56
6/18/2004,1.66
6/25/2004,1.65
7/2/2004,1.65
7/9/2004,1.61
7/16/2004,1.64
7/23/2004,1.66
7/30/2004,1.74
8/6/2004,1.71
8/13/2004,1.69
8/20/2004,1.71
8/27/2004,1.76
9/3/2004,1.78
9/10/2004,1.85
9/17/2004,1.84
9/24/2004,1.90
10/1/2004,1.95
10/8/2004,1.98
10/15/2004,1.95
10/22/2004,2.00
10/29/2004,2.07
11/5/2004,2.15
11/12/2004,2.25
11/19/2004,2.29
11/26/2004,2.35
12/3/2004,2.36
12/10/2004,2.37
12/17/2004,2.42
12/24/2004,2.48
12/31/2004,2.54
1/7/2005,2.56
1/14/2005,2.59
1/21/2005,2.61
1/28/2005,2.64
2/4/2005,2.70
2/11/2005,2.72
2/18/2005,2.78
2/25/2005,2.86
3/4/2005,2.92
3/11/2005,2.95
3/18/2005,3.01
3/25/2005,3.06
4/1/2005,3.06
4/8/2005,3.04
4/15/2005,3.06
4/22/2005,3.04
4/29/2005,3.08
5/6/2005,3.09
5/13/2005,3.09
5/20/2005,3.07
5/27/2005,3.07
6/3/2005,3.05
6/10/2005,3.05
6/17/2005,3.13
6/24/2005,3.17
7/1/2005,3.25
7/8/2005,3.30
7/15/2005,3.36
7/22/2005,3.46
7/29/2005,3.55
8/5/2005,3.61
8/12/2005,3.67
8/19/2005,3.68
8/26/2005,3.69
9/2/2005,3.61
9/9/2005,3.60
9/16/2005,3.66
9/23/2005,3.72
9/30/2005,3.76
10/7/2005,3.88
10/14/2005,3.96
10/21/2005,4.02
10/28/2005,4.07
11/4/2005,4.12
11/11/2005,4.16
11/18/2005,4.17
11/25/2005,4.13
12/2/2005,4.16
12/9/2005,4.16
12/16/2005,4.17
12/23/2005,4.20
12/30/2005,4.20
1/6/2006,4.23
1/13/2006,4.27
1/20/2006,4.31
1/27/2006,4.37
2/3/2006,4.45
2/10/2006,4.51
2/17/2006,4.53
2/24/2006,4.55
3/3/2006,4.58
3/10/2006,4.60
3/17/2006,4.62
3/24/2006,4.62
3/31/2006,4.64
4/7/2006,4.67
4/14/2006,4.73
4/21/2006,4.73
4/28/2006,4.76
5/5/2006,4.80
5/12/2006,4.83
5/19/2006,4.81
5/26/2006,4.82
6/2/2006,4.86
6/9/2006,4.87
6/16/2006,4.96
6/23/2006,5.05
6/30/2006,5.08
7/7/2006,5.10
7/14/2006,5.08
7/21/2006,5.07
7/28/2006,5.02
8/4/2006,4.98
8/11/2006,4.97
8/18/2006,4.99
8/25/2006,4.97
9/1/2006,4.94
9/8/2006,4.92
9/15/2006,4.92
9/22/2006,4.88
9/29/2006,4.82
10/6/2006,4.83
10/13/2006,4.92
10/20/2006,4.95
10/27/2006,4.98
11/3/2006,4.94
11/10/2006,4.96
11/17/2006,4.96
11/24/2006,4.95
12/1/2006,4.91
12/8/2006,4.86
12/15/2006,4.88
12/22/2006,4.89
12/29/2006,4.91
1/5/2007,4.90
1/12/2007,4.94
1/19/2007,4.96
1/26/2007,4.98
2/2/2007,4.97
2/9/2007,4.96
2/16/2007,4.96
2/23/2007,4.97
3/2/2007,4.91
3/9/2007,4.89
3/16/2007,4.91
3/23/2007,4.90
3/30/2007,4.87
4/6/2007,4.88
4/13/2007,4.89
4/20/2007,4.85
4/27/2007,4.83
5/4/2007,4.82
5/11/2007,4.78
5/18/2007,4.72
5/25/2007,4.80
6/1/2007,4.78
6/8/2007,4.77
6/15/2007,4.74
6/22/2007,4.74
6/29/2007,4.77
7/6/2007,4.82
7/13/2007,4.84
7/20/2007,4.86
7/27/2007,4.82
8/3/2007,4.76
8/10/2007,4.72
8/17/2007,4.35
8/24/2007,4.02
8/31/2007,4.22
9/7/2007,4.22
9/14/2007,4.08
9/21/2007,3.99
9/28/2007,3.93
10/5/2007,4.01
10/12/2007,4.12
10/19/2007,4.06
10/26/2007,3.92
11/2/2007,3.86
11/9/2007,3.65
11/16/2007,3.52
11/23/2007,3.30
11/30/2007,3.24
12/7/2007,3.16
12/14/2007,3.13
12/21/2007,3.24
12/28/2007,3.39
1/4/2008,3.22
1/11/2008,3.11
1/18/2008,2.91
1/25/2008,2.32
2/1/2008,2.18
2/8/2008,2.08
2/15/2008,2.05
2/22/2008,2.08
2/29/2008,1.95
3/7/2008,1.66
3/14/2008,1.46
3/21/2008,1.24
3/28/2008,1.50
4/4/2008,1.51
4/11/2008,1.49
4/18/2008,1.48
4/25/2008,1.63
5/2/2008,1.67
5/9/2008,1.71
5/16/2008,1.85
5/23/2008,1.87
5/30/2008,1.92
6/6/2008,1.95
6/13/2008,2.17
6/20/2008,2.25
6/27/2008,2.16
7/4/2008,2.07
7/11/2008,2.00
7/18/2008,1.87
7/25/2008,1.88
8/1/2008,1.86
8/8/2008,1.90
8/15/2008,1.97
8/22/2008,1.92
8/29/2008,1.91
9/5/2008,1.87
9/12/2008,1.83
9/19/2008,1.27
9/26/2008,1.56
10/3/2008,1.36
10/10/2008,1.03
10/17/2008,1.08
10/24/2008,1.53
10/31/2008,1.11
11/7/2008,0.92
11/14/2008,0.86
11/21/2008,0.63
11/28/2008,0.50
12/5/2008,0.34
12/12/2008,0.23
12/19/2008,0.20
12/26/2008,0.25
1/2/2009,0.27
1/9/2009,0.30
1/16/2009,0.29
1/23/2009,0.30
1/30/2009,0.34
2/6/2009,0.41
2/13/2009,0.45
2/20/2009,0.48
2/27/2009,0.48
3/6/2009,0.41
3/13/2009,0.44
3/20/2009,0.41
3/27/2009,0.39
4/3/2009,0.41
4/10/2009,0.39
4/17/2009,0.34
4/24/2009,0.32
5/1/2009,0.29
5/8/2009,0.32
5/15/2009,0.29
5/22/2009,0.29
5/29/2009,0.30
6/5/2009,0.29
6/12/2009,0.31
6/19/2009,0.31
6/26/2009,0.32
7/3/2009,0.34
7/10/2009,0.27
7/17/2009,0.28
7/24/2009,0.28
7/31/2009,0.26
8/7/2009,0.28
8/14/2009,0.27
8/21/2009,0.26
8/28/2009,0.25
9/4/2009,0.23
9/11/2009,0.22
9/18/2009,0.20
9/25/2009,0.20
10/2/2009,0.17
10/9/2009,0.15
10/16/2009,0.16
10/23/2009,0.17
10/30/2009,0.17
11/6/2009,0.16
11/13/2009,0.17
11/20/2009,0.15
11/27/2009,0.14
12/4/2009,0.16
12/11/2009,0.15
12/18/2009,0.16
12/25/2009,0.18
1/1/2010,0.20
1/8/2010,0.16
1/15/2010,0.14
1/22/2010,0.14
1/29/2010,0.15
2/5/2010,0.17
2/12/2010,0.18
2/19/2010,0.19
2/26/2010,0.19
3/5/2010,0.19
3/12/2010,0.22
3/19/2010,0.24
3/26/2010,0.24
4/2/2010,0.24
4/9/2010,0.25
4/16/2010,0.24
4/23/2010,0.24
4/30/2010,0.24
5/7/2010,0.21
5/14/2010,0.22
5/21/2010,0.23
5/28/2010,0.23
6/4/2010,0.22
6/11/2010,0.18
6/18/2010,0.16
6/25/2010,0.19
7/2/2010,0.22
7/9/2010,0.20
7/16/2010,0.20
7/23/2010,0.20
7/30/2010,0.20
8/6/2010,0.20
8/13/2010,0.19
8/20/2010,0.19
8/27/2010,0.19
9/3/2010,0.19
9/10/2010,0.19
9/17/2010,0.20
9/24/2010,0.20
10/1/2010,0.19
10/8/2010,0.17
10/15/2010,0.17
10/22/2010,0.18
10/29/2010,0.18
11/5/2010,0.16
11/12/2010,0.16
11/19/2010,0.19
11/26/2010,0.20
12/3/2010,0.20
12/10/2010,0.18
12/17/2010,0.19
12/24/2010,0.19
12/31/2010,0.20
1/7/2011,0.19
1/14/2011,0.18
1/21/2011,0.19
1/28/2011,0.17
2/4/2011,0.18
2/11/2011,0.17
2/18/2011,0.16
2/25/2011,0.16
3/4/2011,0.17
3/11/2011,0.15
3/18/2011,0.14
3/25/2011,0.16
4/1/2011,0.17
4/8/2011,0.13
4/15/2011,0.12
4/22/2011,0.11
4/29/2011,0.11
5/6/2011,0.08
5/13/2011,0.07
5/20/2011,0.08
5/27/2011,0.10
6/3/2011,0.11
6/10/2011,0.10
6/17/2011,0.11
6/24/2011,0.09
7/1/2011,0.10
7/8/2011,0.07
7/15/2011,0.06
7/22/2011,0.08
7/29/2011,0.12
8/5/2011,0.09
8/12/2011,0.07
8/19/2011,0.06
8/26/2011,0.03
9/2/2011,0.05
9/9/2011,0.06
9/16/2011,0.04
9/23/2011,0.03
9/30/2011,0.04
10/7/2011,0.04
10/14/2011,0.06
10/21/2011,0.06
10/28/2011,0.06
11/4/2011,0.04
11/11/2011,0.04
11/18/2011,0.04
11/25/2011,0.06
12/2/2011,0.06
12/9/2011,0.05
12/16/2011,0.05
12/23/2011,0.04
12/30/2011,0.06
1/6/2012,0.06
1/13/2012,0.05
1/20/2012,0.07
1/27/2012,0.07
2/3/2012,0.09
2/10/2012,0.11
2/17/2012,0.14
2/24/2012,0.14
3/2/2012,0.13
3/9/2012,0.14
3/16/2012,0.15
3/23/2012,0.15
3/30/2012,0.14
4/6/2012,0.14
4/13/2012,0.14
4/20/2012,0.13
4/27/2012,0.14
5/4/2012,0.15
5/11/2012,0.15
5/18/2012,0.15
5/25/2012,0.14
6/1/2012,0.13
6/8/2012,0.14
6/15/2012,0.15
6/22/2012,0.15
6/29/2012,0.16
7/6/2012,0.15
7/13/2012,0.15
7/20/2012,0.14
7/27/2012,0.15
8/3/2012,0.14
8/10/2012,0.14
8/17/2012,0.14
8/24/2012,0.13
8/31/2012,0.14
9/7/2012,0.14
9/14/2012,0.13
9/21/2012,0.14
9/28/2012,0.14
10/5/2012,0.14
10/12/2012,0.15
10/19/2012,0.15
10/26/2012,0.15
11/2/2012,0.16
11/9/2012,0.15
11/16/2012,0.14
11/23/2012,0.14
11/30/2012,0.14
12/7/2012,0.14
12/14/2012,0.11
12/21/2012,0.11
12/28/2012,0.12
1/4/2013,0.12
1/11/2013,0.10
1/18/2013,0.11
1/25/2013,0.10
2/1/2013,0.11
2/8/2013,0.11
2/15/2013,0.12
2/22/2013,0.13
3/1/2013,0.13
3/8/2013,0.12
3/15/2013,0.12
3/22/2013,0.11
3/29/2013,0.11
4/5/2013,0.10
4/12/2013,0.10
4/19/2013,0.09
4/26/2013,0.09
5/3/2013,0.08
5/10/2013,0.08
5/17/2013,0.08
5/24/2013,0.08
5/31/2013,0.08
6/7/2013,0.08
6/14/2013,0.08
6/21/2013,0.08
6/28/2013,0.11
7/5/2013,0.08
7/12/2013,0.07
7/19/2013,0.07
7/26/2013,0.07
8/2/2013,0.07
8/9/2013,0.08
8/16/2013,0.08
8/23/2013,0.07
8/30/2013,0.06
9/6/2013,0.05
9/13/2013,0.03
9/20/2013,0.04
9/27/2013,0.04
10/4/2013,0.04
10/11/2013,0.07
10/18/2013,0.11
10/25/2013,0.07
11/1/2013,0.08
11/8/2013,0.09
11/15/2013,0.10
11/22/2013,0.10
11/29/2013,0.11
12/6/2013,0.10
12/13/2013,0.10
12/20/2013,0.09
12/27/2013,0.09
1/3/2014,0.10
1/10/2014,0.07
1/17/2014,0.06
1/24/2014,0.06
1/31/2014,0.07
2/7/2014,0.08
2/14/2014,0.09
2/21/2014,0.08
2/28/2014,0.08
3/7/2014,0.08
3/14/2014,0.08
3/21/2014,0.08
3/28/2014,0.07
4/4/2014,0.06
4/11/2014,0.06
4/18/2014,0.05
4/25/2014,0.05
5/2/2014,0.05
5/9/2014,0.05
5/16/2014,0.05
5/23/2014,0.05
5/30/2014,0.06
6/6/2014,0.06
6/13/2014,0.06
6/20/2014,0.06
6/27/2014,0.06
7/4/2014,0.06
7/11/2014,0.06
7/18/2014,0.06
7/25/2014,0.06
8/1/2014,0.06
8/8/2014,0.05
8/15/2014,0.05
8/22/2014,0.06
8/29/2014,0.05
9/5/2014,0.05
9/12/2014,0.05
9/19/2014,0.04
9/26/2014,0.03
10/3/2014,0.04
10/10/2014,0.05
10/17/2014,0.05
10/24/2014,0.06
10/31/2014,0.06
11/7/2014,0.06
11/14/2014,0.07
11/21/2014,0.07
11/28/2014,0.07
12/5/2014,0.08
12/12/2014,0.10
12/19/2014,0.11
12/26/2014,0.14
1/2/2015,0.12
1/9/2015,0.09
1/16/2015,0.08
1/23/2015,0.08
1/30/2015,0.08
2/6/2015,0.07
2/13/2015,0.07
2/20/2015,0.07
2/27/2015,0.07
3/6/2015,0.08
3/13/2015,0.10
3/20/2015,0.13
3/27/2015,0.12
4/3/2015,0.12
4/10/2015,0.10
4/17/2015,0.09
4/24/2015,0.10
5/1/2015,0.07
5/8/2015,0.08
5/15/2015,0.09
5/22/2015,0.08
5/29/2015,0.08
6/5/2015,0.07
6/12/2015,0.09
6/19/2015,0.09
6/26/2015,0.08
7/3/2015,0.11
7/10/2015,0.08
7/17/2015,0.10
7/24/2015,0.13
7/31/2015,0.14
8/7/2015,0.19
8/14/2015,0.23
8/21/2015,0.22
8/28/2015,0.21
9/4/2015,0.25
9/11/2015,0.26
9/18/2015,0.21
9/25/2015,0.09
10/2/2015,0.08
10/9/2015,0.07
10/16/2015,0.08
10/23/2015,0.12
10/30/2015,0.20
11/6/2015,0.28
11/13/2015,0.33
11/20/2015,0.32
11/27/2015,0.37
12/4/2015,0.43
12/11/2015,0.54
12/18/2015,0.50
12/25/2015,0.48
1/1/2016,0.48
1/8/2016,0.46
1/15/2016,0.43
1/22/2016,0.37
1/29/2016,0.43
2/5/2016,0.45
2/12/2016,0.40
2/19/2016,0.43
2/26/2016,0.45
3/4/2016,0.47
3/11/2016,0.48
3/18/2016,0.47
3/25/2016,0.45
4/1/2016,0.41
4/8/2016,0.35
4/15/2016,0.35
4/22/2016,0.36
4/29/2016,0.40
5/6/2016,0.39
5/13/2016,0.36
5/20/2016,0.41
5/27/2016,0.46
6/3/2016,0.46
6/10/2016,0.42
6/17/2016,0.37
6/24/2016,0.40
7/1/2016,0.35
7/8/2016,0.35
7/15/2016,0.40
7/22/2016,0.43
7/29/2016,0.40
8/5/2016,0.41
8/12/2016,0.43
8/19/2016,0.44
8/26/2016,0.45
9/2/2016,0.46
9/9/2016,0.48
9/16/2016,0.51
9/23/2016,0.44
9/30/2016,0.43
10/7/2016,0.46
10/14/2016,0.46
10/21/2016,0.47
10/28/2016,0.48
11/4/2016,0.51
11/11/2016,0.55
11/18/2016,0.61
11/25/2016,0.61
12/2/2016,0.60
12/9/2016,0.62
12/16/2016,0.64
12/23/2016,0.64
12/30/2016,0.62
1/6/2017,0.62
1/13/2017,0.59
1/20/2017,0.61
1/27/2017,0.60
2/3/2017,0.63
2/10/2017,0.62
2/17/2017,0.65
2/24/2017,0.66
3/3/2017,0.75
3/10/2017,0.85
3/17/2017,0.88
3/24/2017,0.88
3/31/2017,0.89
4/7/2017,0.91
4/14/2017,0.93
4/21/2017,0.91
4/28/2017,0.96
5/5/2017,0.98
5/12/2017,1.01
5/19/2017,1.00
5/26/2017,1.05
6/2/2017,1.05
6/9/2017,1.07
6/16/2017,1.10
6/23/2017,1.10
6/30/2017,1.11
7/7/2017,1.12
7/14/2017,1.11
7/21/2017,1.09
7/28/2017,1.11
8/4/2017,1.12
8/11/2017,1.13
8/18/2017,1.11
8/25/2017,1.09
9/1/2017,1.09
9/8/2017,1.13
9/15/2017,1.14
9/22/2017,1.17
9/29/2017,1.17
10/6/2017,1.19
10/13/2017,1.24
10/20/2017,1.23
10/27/2017,1.25
11/3/2017,1.26
11/10/2017,1.32
11/17/2017,1.37
11/24/2017,1.42
12/1/2017,1.41
12/8/2017,1.44
12/15/2017,1.45
12/22/2017,1.49
12/29/2017,1.50
1/5/2018,1.57
1/12/2018,1.56
1/19/2018,1.60
1/26/2018,1.61
2/2/2018,1.62
2/9/2018,1.67
2/16/2018,1.78
2/23/2018,1.81
3/2/2018,1.82
3/9/2018,1.83
3/16/2018,1.88
3/23/2018,1.91
3/30/2018,1.89
